fold,flatBand,slopeLen,adxStrongTh,minScore,cooldown,is_n,is_pf,is_exp,is_win_rate,is_wins,is_losses,is_win3R,is_tp1R,is_sl
0,0.3,5,20,50,10,32,2.411764705882353,0.75,0.46875,15,17,13,2,17
0,0.3,5,20,50,25,33,2.2777777777777777,0.696969696969697,0.45454545454545453,15,18,13,2,18
0,0.3,5,20,50,50,27,2.1333333333333333,0.6296296296296297,0.4444444444444444,12,15,10,2,15
0,0.3,5,20,60,10,32,2.411764705882353,0.75,0.46875,15,17,13,2,17
0,0.3,5,20,60,25,33,2.2777777777777777,0.696969696969697,0.45454545454545453,15,18,13,2,18
0,0.3,5,20,60,50,27,2.1333333333333333,0.6296296296296297,0.4444444444444444,12,15,10,2,15
0,0.3,5,20,75,10,32,2.411764705882353,0.75,0.46875,15,17,13,2,17
0,0.3,5,20,75,25,33,2.2777777777777777,0.696969696969697,0.45454545454545453,15,18,13,2,18
0,0.3,5,20,75,50,27,2.1333333333333333,0.6296296296296297,0.4444444444444444,12,15,10,2,15
0,0.3,5,25,50,10,32,2.411764705882353,0.75,0.46875,15,17,13,2,17
0,0.3,5,25,50,25,33,2.2777777777777777,0.696969696969697,0.45454545454545453,15,18,13,2,18
0,0.3,5,25,50,50,27,2.1333333333333333,0.6296296296296297,0.4444444444444444,12,15,10,2,15
0,0.3,5,25,60,10,32,2.411764705882353,0.75,0.46875,15,17,13,2,17
0,0.3,5,25,60,25,33,2.2777777777777777,0.696969696969697,0.45454545454545453,15,18,13,2,18
0,0.3,5,25,60,50,27,2.1333333333333333,0.6296296296296297,0.4444444444444444,12,15,10,2,15
0,0.3,5,25,75,10,32,2.411764705882353,0.75,0.46875,15,17,13,2,17
0,0.3,5,25,75,25,33,2.2777777777777777,0.696969696969697,0.45454545454545453,15,18,13,2,18
0,0.3,5,25,75,50,27,2.1333333333333333,0.6296296296296297,0.4444444444444444,12,15,10,2,15
0,0.3,10,20,50,10,50,1.7333333333333334,0.44,0.4,20,30,16,4,30
0,0.3,10,20,50,25,44,1.96,0.5454545454545454,0.4318181818181818,19,25,15,4,25
0,0.3,10,20,50,50,34,1.5714285714285714,0.35294117647058826,0.38235294117647056,13,21,10,3,21
0,0.3,10,20,60,10,46,1.7857142857142858,0.4782608695652174,0.391304347826087,18,28,16,2,28
0,0.3,10,20,60,25,40,1.9565217391304348,0.55,0.425,17,23,14,3,23
0,0.3,10,20,60,50,34,1.3478260869565217,0.23529411764705882,0.3235294117647059,11,23,10,1,23
0,0.3,10,20,75,10,46,1.7857142857142858,0.4782608695652174,0.391304347826087,18,28,16,2,28
0,0.3,10,20,75,25,40,1.9565217391304348,0.55,0.425,17,23,14,3,23
0,0.3,10,20,75,50,34,1.3478260869565217,0.23529411764705882,0.3235294117647059,11,23,10,1,23
0,0.3,10,25,50,10,50,1.7333333333333334,0.44,0.4,20,30,16,4,30
0,0.3,10,25,50,25,44,1.96,0.5454545454545454,0.4318181818181818,19,25,15,4,25
0,0.3,10,25,50,50,34,1.5714285714285714,0.35294117647058826,0.38235294117647056,13,21,10,3,21
0,0.3,10,25,60,10,47,1.4838709677419355,0.3191489361702128,0.3404255319148936,16,31,15,1,31
0,0.3,10,25,60,25,40,1.64,0.4,0.375,15,25,13,2,25
0,0.3,10,25,60,50,34,1.08,0.058823529411764705,0.2647058823529412,9,25,9,0,25
0,0.3,10,25,75,10,47,1.4838709677419355,0.3191489361702128,0.3404255319148936,16,31,15,1,31
0,0.3,10,25,75,25,40,1.64,0.4,0.375,15,25,13,2,25
0,0.3,10,25,75,50,34,1.08,0.058823529411764705,0.2647058823529412,9,25,9,0,25
0,0.3,20,20,50,10,54,1.457142857142857,0.2962962962962963,0.35185185185185186,19,35,16,3,35
0,0.3,20,20,50,25,45,1.4482758620689655,0.28888888888888886,0.35555555555555557,16,29,13,3,29
0,0.3,20,20,50,50,34,1.4545454545454546,0.29411764705882354,0.35294117647058826,12,22,10,2,22
0,0.3,20,20,60,10,53,1.5,0.32075471698113206,0.3584905660377358,19,34,16,3,34
0,0.3,20,20,60,25,45,1.2903225806451613,0.2,0.3111111111111111,14,31,13,1,31
0,0.3,20,20,60,50,33,1.3181818181818181,0.21212121212121213,0.3333333333333333,11,22,9,2,22
0,0.3,20,20,75,10,53,1.5,0.32075471698113206,0.3584905660377358,19,34,16,3,34
0,0.3,20,20,75,25,45,1.2903225806451613,0.2,0.3111111111111111,14,31,13,1,31
0,0.3,20,20,75,50,33,1.3181818181818181,0.21212121212121213,0.3333333333333333,11,22,9,2,22
0,0.3,20,25,50,10,54,1.457142857142857,0.2962962962962963,0.35185185185185186,19,35,16,3,35
0,0.3,20,25,50,25,45,1.4482758620689655,0.28888888888888886,0.35555555555555557,16,29,13,3,29
0,0.3,20,25,50,50,34,1.4545454545454546,0.29411764705882354,0.35294117647058826,12,22,10,2,22
0,0.3,20,25,60,10,50,1.4242424242424243,0.28,0.34,17,33,15,2,33
0,0.3,20,25,60,25,44,1.4827586206896552,0.3181818181818182,0.3409090909090909,15,29,14,1,29
0,0.3,20,25,60,50,31,1.3333333333333333,0.22580645161290322,0.3225806451612903,10,21,9,1,21
0,0.3,20,25,75,10,50,1.4242424242424243,0.28,0.34,17,33,15,2,33
0,0.3,20,25,75,25,44,1.4827586206896552,0.3181818181818182,0.3409090909090909,15,29,14,1,29
0,0.3,20,25,75,50,31,1.3333333333333333,0.22580645161290322,0.3225806451612903,10,21,9,1,21
0,0.5,5,20,50,10,25,2.6153846153846154,0.84,0.48,12,13,11,1,13
0,0.5,5,20,50,25,24,2.8333333333333335,0.9166666666666666,0.5,12,12,11,1,12
0,0.5,5,20,50,50,22,2.5,0.8181818181818182,0.45454545454545453,10,12,10,0,12
0,0.5,5,20,60,10,25,2.6153846153846154,0.84,0.48,12,13,11,1,13
0,0.5,5,20,60,25,24,2.8333333333333335,0.9166666666666666,0.5,12,12,11,1,12
0,0.5,5,20,60,50,22,2.5,0.8181818181818182,0.45454545454545453,10,12,10,0,12
0,0.5,5,20,75,10,25,2.6153846153846154,0.84,0.48,12,13,11,1,13
0,0.5,5,20,75,25,24,2.8333333333333335,0.9166666666666666,0.5,12,12,11,1,12
0,0.5,5,20,75,50,22,2.5,0.8181818181818182,0.45454545454545453,10,12,10,0,12
0,0.5,5,25,50,10,25,2.6153846153846154,0.84,0.48,12,13,11,1,13
0,0.5,5,25,50,25,24,2.8333333333333335,0.9166666666666666,0.5,12,12,11,1,12
0,0.5,5,25,50,50,22,2.5,0.8181818181818182,0.45454545454545453,10,12,10,0,12
0,0.5,5,25,60,10,25,2.6153846153846154,0.84,0.48,12,13,11,1,13
0,0.5,5,25,60,25,24,2.8333333333333335,0.9166666666666666,0.5,12,12,11,1,12
0,0.5,5,25,60,50,22,2.5,0.8181818181818182,0.45454545454545453,10,12,10,0,12
0,0.5,5,25,75,10,25,2.6153846153846154,0.84,0.48,12,13,11,1,13
0,0.5,5,25,75,25,24,2.8333333333333335,0.9166666666666666,0.5,12,12,11,1,12
0,0.5,5,25,75,50,22,2.5,0.8181818181818182,0.45454545454545453,10,12,10,0,12
0,0.5,10,20,50,10,34,2.6470588235294117,0.8235294117647058,0.5,17,17,14,3,17
0,0.5,10,20,50,25,36,2.3684210526315788,0.7222222222222222,0.4722222222222222,17,19,14,3,19
0,0.5,10,20,50,50,30,1.736842105263158,0.4666666666666667,0.36666666666666664,11,19,11,0,19
0,0.5,10,20,60,10,34,2.4444444444444446,0.7647058823529411,0.47058823529411764,16,18,14,2,18
0,0.5,10,20,60,25,36,2.2,0.6666666666666666,0.4444444444444444,16,20,14,2,20
0,0.5,10,20,60,50,30,1.736842105263158,0.4666666666666667,0.36666666666666664,11,19,11,0,19
0,0.5,10,20,75,10,34,2.4444444444444446,0.7647058823529411,0.47058823529411764,16,18,14,2,18
0,0.5,10,20,75,25,36,2.2,0.6666666666666666,0.4444444444444444,16,20,14,2,20
0,0.5,10,20,75,50,30,1.736842105263158,0.4666666666666667,0.36666666666666664,11,19,11,0,19
0,0.5,10,25,50,10,34,2.6470588235294117,0.8235294117647058,0.5,17,17,14,3,17
0,0.5,10,25,50,25,36,2.3684210526315788,0.7222222222222222,0.4722222222222222,17,19,14,3,19
0,0.5,10,25,50,50,30,1.736842105263158,0.4666666666666667,0.36666666666666664,11,19,11,0,19
0,0.5,10,25,60,10,35,2.15,0.6571428571428571,0.42857142857142855,15,20,14,1,20
0,0.5,10,25,60,25,36,2.0476190476190474,0.6111111111111112,0.4166666666666667,15,21,14,1,21
0,0.5,10,25,60,50,30,1.736842105263158,0.4666666666666667,0.36666666666666664,11,19,11,0,19
0,0.5,10,25,75,10,35,2.15,0.6571428571428571,0.42857142857142855,15,20,14,1,20
0,0.5,10,25,75,25,36,2.0476190476190474,0.6111111111111112,0.4166666666666667,15,21,14,1,21
0,0.5,10,25,75,50,30,1.736842105263158,0.4666666666666667,0.36666666666666664,11,19,11,0,19
0,0.5,20,20,50,10,48,1.5161290322580645,0.3333333333333333,0.3541666666666667,17,31,15,2,31
0,0.5,20,20,50,25,40,2.3333333333333335,0.7,0.475,19,21,15,4,21
0,0.5,20,20,50,50,33,1.55,0.3333333333333333,0.3939393939393939,13,20,9,4,20
0,0.5,20,20,60,10,46,1.5333333333333334,0.34782608695652173,0.34782608695652173,16,30,15,1,30
0,0.5,20,20,60,25,40,2.0434782608695654,0.6,0.425,17,23,15,2,23
0,0.5,20,20,60,50,32,1.2727272727272727,0.1875,0.3125,10,22,9,1,22
0,0.5,20,20,75,10,46,1.5333333333333334,0.34782608695652173,0.34782608695652173,16,30,15,1,30
0,0.5,20,20,75,25,40,2.0434782608695654,0.6,0.425,17,23,15,2,23
0,0.5,20,20,75,50,32,1.2727272727272727,0.1875,0.3125,10,22,9,1,22
0,0.5,20,25,50,10,48,1.5161290322580645,0.3333333333333333,0.3541666666666667,17,31,15,2,31
0,0.5,20,25,50,25,40,2.3333333333333335,0.7,0.475,19,21,15,4,21
0,0.5,20,25,50,50,33,1.55,0.3333333333333333,0.3939393939393939,13,20,9,4,20
0,0.5,20,25,60,10,46,1.3870967741935485,0.2608695652173913,0.32608695652173914,15,31,14,1,31
0,0.5,20,25,60,25,40,1.8333333333333333,0.5,0.4,16,24,14,2,24
0,0.5,20,25,60,50,31,1.3333333333333333,0.22580645161290322,0.3225806451612903,10,21,9,1,21
0,0.5,20,25,75,10,46,1.3870967741935485,0.2608695652173913,0.32608695652173914,15,31,14,1,31
0,0.5,20,25,75,25,40,1.8333333333333333,0.5,0.4,16,24,14,2,24
0,0.5,20,25,75,50,31,1.3333333333333333,0.22580645161290322,0.3225806451612903,10,21,9,1,21
0,0.7,5,20,50,10,20,2.0,0.6,0.4,8,12,8,0,12
0,0.7,5,20,50,25,20,2.0,0.6,0.4,8,12,8,0,12
0,0.7,5,20,50,50,18,1.9090909090909092,0.5555555555555556,0.3888888888888889,7,11,7,0,11
0,0.7,5,20,60,10,20,2.0,0.6,0.4,8,12,8,0,12
0,0.7,5,20,60,25,20,2.0,0.6,0.4,8,12,8,0,12
0,0.7,5,20,60,50,18,1.9090909090909092,0.5555555555555556,0.3888888888888889,7,11,7,0,11
0,0.7,5,20,75,10,20,2.0,0.6,0.4,8,12,8,0,12
0,0.7,5,20,75,25,20,2.0,0.6,0.4,8,12,8,0,12
0,0.7,5,20,75,50,18,1.9090909090909092,0.5555555555555556,0.3888888888888889,7,11,7,0,11
0,0.7,5,25,50,10,20,2.0,0.6,0.4,8,12,8,0,12
0,0.7,5,25,50,25,20,2.0,0.6,0.4,8,12,8,0,12
0,0.7,5,25,50,50,18,1.9090909090909092,0.5555555555555556,0.3888888888888889,7,11,7,0,11
0,0.7,5,25,60,10,20,2.0,0.6,0.4,8,12,8,0,12
0,0.7,5,25,60,25,20,2.0,0.6,0.4,8,12,8,0,12
0,0.7,5,25,60,50,18,1.9090909090909092,0.5555555555555556,0.3888888888888889,7,11,7,0,11
0,0.7,5,25,75,10,20,2.0,0.6,0.4,8,12,8,0,12
0,0.7,5,25,75,25,20,2.0,0.6,0.4,8,12,8,0,12
0,0.7,5,25,75,50,18,1.9090909090909092,0.5555555555555556,0.3888888888888889,7,11,7,0,11
0,0.7,10,20,50,10,32,1.7,0.4375,0.375,12,20,11,1,20
0,0.7,10,20,50,25,29,1.7222222222222223,0.4482758620689655,0.3793103448275862,11,18,10,1,18
0,0.7,10,20,50,50,27,1.7647058823529411,0.48148148148148145,0.37037037037037035,10,17,10,0,17
0,0.7,10,20,60,10,32,1.7,0.4375,0.375,12,20,11,1,20
0,0.7,10,20,60,25,29,1.7222222222222223,0.4482758620689655,0.3793103448275862,11,18,10,1,18
0,0.7,10,20,60,50,27,1.7647058823529411,0.48148148148148145,0.37037037037037035,10,17,10,0,17
0,0.7,10,20,75,10,32,1.7,0.4375,0.375,12,20,11,1,20
0,0.7,10,20,75,25,29,1.7222222222222223,0.4482758620689655,0.3793103448275862,11,18,10,1,18
0,0.7,10,20,75,50,27,1.7647058823529411,0.48148148148148145,0.37037037037037035,10,17,10,0,17
0,0.7,10,25,50,10,32,1.7,0.4375,0.375,12,20,11,1,20
0,0.7,10,25,50,25,29,1.7222222222222223,0.4482758620689655,0.3793103448275862,11,18,10,1,18
0,0.7,10,25,50,50,27,1.7647058823529411,0.48148148148148145,0.37037037037037035,10,17,10,0,17
0,0.7,10,25,60,10,32,1.7,0.4375,0.375,12,20,11,1,20
0,0.7,10,25,60,25,29,1.7222222222222223,0.4482758620689655,0.3793103448275862,11,18,10,1,18
0,0.7,10,25,60,50,27,1.7647058823529411,0.48148148148148145,0.37037037037037035,10,17,10,0,17
0,0.7,10,25,75,10,32,1.7,0.4375,0.375,12,20,11,1,20
0,0.7,10,25,75,25,29,1.7222222222222223,0.4482758620689655,0.3793103448275862,11,18,10,1,18
0,0.7,10,25,75,50,27,1.7647058823529411,0.48148148148148145,0.37037037037037035,10,17,10,0,17
0,0.7,20,20,50,10,48,1.6,0.375,0.375,18,30,15,3,30
0,0.7,20,20,50,25,39,2.45,0.7435897435897436,0.48717948717948717,19,20,15,4,20
0,0.7,20,20,50,50,33,1.1304347826086956,0.09090909090909091,0.30303030303030304,10,23,8,2,23
0,0.7,20,20,60,10,44,1.7407407407407407,0.45454545454545453,0.38636363636363635,17,27,15,2,27
0,0.7,20,20,60,25,37,2.35,0.7297297297297297,0.4594594594594595,17,20,15,2,20
0,0.7,20,20,60,50,32,1.2727272727272727,0.1875,0.3125,10,22,9,1,22
0,0.7,20,20,75,10,44,1.7407407407407407,0.45454545454545453,0.38636363636363635,17,27,15,2,27
0,0.7,20,20,75,25,37,2.35,0.7297297297297297,0.4594594594594595,17,20,15,2,20
0,0.7,20,20,75,50,32,1.2727272727272727,0.1875,0.3125,10,22,9,1,22
0,0.7,20,25,50,10,48,1.6,0.375,0.375,18,30,15,3,30
0,0.7,20,25,50,25,39,2.45,0.7435897435897436,0.48717948717948717,19,20,15,4,20
0,0.7,20,25,50,50,33,1.1304347826086956,0.09090909090909091,0.30303030303030304,10,23,8,2,23
0,0.7,20,25,60,10,44,1.5714285714285714,0.36363636363636365,0.36363636363636365,16,28,14,2,28
0,0.7,20,25,60,25,37,2.0952380952380953,0.6216216216216216,0.43243243243243246,16,21,14,2,21
0,0.7,20,25,60,50,31,1.1363636363636365,0.0967741935483871,0.2903225806451613,9,22,8,1,22
0,0.7,20,25,75,10,44,1.5714285714285714,0.36363636363636365,0.36363636363636365,16,28,14,2,28
0,0.7,20,25,75,25,37,2.0952380952380953,0.6216216216216216,0.43243243243243246,16,21,14,2,21
0,0.7,20,25,75,50,31,1.1363636363636365,0.0967741935483871,0.2903225806451613,9,22,8,1,22
0,1.0,5,20,50,10,6,1.5,0.3333333333333333,0.3333333333333333,2,4,2,0,4
0,1.0,5,20,50,25,6,1.5,0.3333333333333333,0.3333333333333333,2,4,2,0,4
0,1.0,5,20,50,50,6,1.5,0.3333333333333333,0.3333333333333333,2,4,2,0,4
0,1.0,5,20,60,10,6,1.5,0.3333333333333333,0.3333333333333333,2,4,2,0,4
0,1.0,5,20,60,25,6,1.5,0.3333333333333333,0.3333333333333333,2,4,2,0,4
0,1.0,5,20,60,50,6,1.5,0.3333333333333333,0.3333333333333333,2,4,2,0,4
0,1.0,5,20,75,10,6,1.5,0.3333333333333333,0.3333333333333333,2,4,2,0,4
0,1.0,5,20,75,25,6,1.5,0.3333333333333333,0.3333333333333333,2,4,2,0,4
0,1.0,5,20,75,50,6,1.5,0.3333333333333333,0.3333333333333333,2,4,2,0,4
0,1.0,5,25,50,10,6,1.5,0.3333333333333333,0.3333333333333333,2,4,2,0,4
0,1.0,5,25,50,25,6,1.5,0.3333333333333333,0.3333333333333333,2,4,2,0,4
0,1.0,5,25,50,50,6,1.5,0.3333333333333333,0.3333333333333333,2,4,2,0,4
0,1.0,5,25,60,10,6,1.5,0.3333333333333333,0.3333333333333333,2,4,2,0,4
0,1.0,5,25,60,25,6,1.5,0.3333333333333333,0.3333333333333333,2,4,2,0,4
0,1.0,5,25,60,50,6,1.5,0.3333333333333333,0.3333333333333333,2,4,2,0,4
0,1.0,5,25,75,10,6,1.5,0.3333333333333333,0.3333333333333333,2,4,2,0,4
0,1.0,5,25,75,25,6,1.5,0.3333333333333333,0.3333333333333333,2,4,2,0,4
0,1.0,5,25,75,50,6,1.5,0.3333333333333333,0.3333333333333333,2,4,2,0,4
0,1.0,10,20,50,10,28,1.6666666666666667,0.42857142857142855,0.35714285714285715,10,18,10,0,18
0,1.0,10,20,50,25,27,1.7647058823529411,0.48148148148148145,0.37037037037037035,10,17,10,0,17
0,1.0,10,20,50,50,24,1.8,0.5,0.375,9,15,9,0,15
0,1.0,10,20,60,10,28,1.6666666666666667,0.42857142857142855,0.35714285714285715,10,18,10,0,18
0,1.0,10,20,60,25,27,1.7647058823529411,0.48148148148148145,0.37037037037037035,10,17,10,0,17
0,1.0,10,20,60,50,24,1.8,0.5,0.375,9,15,9,0,15
0,1.0,10,20,75,10,28,1.6666666666666667,0.42857142857142855,0.35714285714285715,10,18,10,0,18
0,1.0,10,20,75,25,27,1.7647058823529411,0.48148148148148145,0.37037037037037035,10,17,10,0,17
0,1.0,10,20,75,50,24,1.8,0.5,0.375,9,15,9,0,15
0,1.0,10,25,50,10,28,1.6666666666666667,0.42857142857142855,0.35714285714285715,10,18,10,0,18
0,1.0,10,25,50,25,27,1.7647058823529411,0.48148148148148145,0.37037037037037035,10,17,10,0,17
0,1.0,10,25,50,50,24,1.8,0.5,0.375,9,15,9,0,15
0,1.0,10,25,60,10,28,1.6666666666666667,0.42857142857142855,0.35714285714285715,10,18,10,0,18
0,1.0,10,25,60,25,27,1.7647058823529411,0.48148148148148145,0.37037037037037035,10,17,10,0,17
0,1.0,10,25,60,50,24,1.8,0.5,0.375,9,15,9,0,15
0,1.0,10,25,75,10,28,1.6666666666666667,0.42857142857142855,0.35714285714285715,10,18,10,0,18
0,1.0,10,25,75,25,27,1.7647058823529411,0.48148148148148145,0.37037037037037035,10,17,10,0,17
0,1.0,10,25,75,50,24,1.8,0.5,0.375,9,15,9,0,15
0,1.0,20,20,50,10,40,1.8695652173913044,0.5,0.425,17,23,13,4,23
0,1.0,20,20,50,25,32,2.7333333333333334,0.8125,0.53125,17,15,12,5,15
0,1.0,20,20,50,50,32,1.4761904761904763,0.3125,0.34375,11,21,10,1,21
0,1.0,20,20,60,10,37,1.7727272727272727,0.4594594594594595,0.40540540540540543,15,22,12,3,22
0,1.0,20,20,60,25,33,2.1666666666666665,0.6363636363636364,0.45454545454545453,15,18,12,3,18
0,1.0,20,20,60,50,31,1.7894736842105263,0.4838709677419355,0.3870967741935484,12,19,11,1,19
0,1.0,20,20,75,10,37,1.7727272727272727,0.4594594594594595,0.40540540540540543,15,22,12,3,22
0,1.0,20,20,75,25,33,2.1666666666666665,0.6363636363636364,0.45454545454545453,15,18,12,3,18
0,1.0,20,20,75,50,31,1.7894736842105263,0.4838709677419355,0.3870967741935484,12,19,11,1,19
0,1.0,20,25,50,10,40,1.8695652173913044,0.5,0.425,17,23,13,4,23
0,1.0,20,25,50,25,32,2.7333333333333334,0.8125,0.53125,17,15,12,5,15
0,1.0,20,25,50,50,32,1.4761904761904763,0.3125,0.34375,11,21,10,1,21
0,1.0,20,25,60,10,37,1.7727272727272727,0.4594594594594595,0.40540540540540543,15,22,12,3,22
0,1.0,20,25,60,25,33,2.1666666666666665,0.6363636363636364,0.45454545454545453,15,18,12,3,18
0,1.0,20,25,60,50,31,1.7894736842105263,0.4838709677419355,0.3870967741935484,12,19,11,1,19
0,1.0,20,25,75,10,37,1.7727272727272727,0.4594594594594595,0.40540540540540543,15,22,12,3,22
0,1.0,20,25,75,25,33,2.1666666666666665,0.6363636363636364,0.45454545454545453,15,18,12,3,18
0,1.0,20,25,75,50,31,1.7894736842105263,0.4838709677419355,0.3870967741935484,12,19,11,1,19
0,1.5,5,20,50,10,0,,,,0,0,0,0,0
0,1.5,5,20,50,25,0,,,,0,0,0,0,0
0,1.5,5,20,50,50,0,,,,0,0,0,0,0
0,1.5,5,20,60,10,0,,,,0,0,0,0,0
0,1.5,5,20,60,25,0,,,,0,0,0,0,0
0,1.5,5,20,60,50,0,,,,0,0,0,0,0
0,1.5,5,20,75,10,0,,,,0,0,0,0,0
0,1.5,5,20,75,25,0,,,,0,0,0,0,0
0,1.5,5,20,75,50,0,,,,0,0,0,0,0
0,1.5,5,25,50,10,0,,,,0,0,0,0,0
0,1.5,5,25,50,25,0,,,,0,0,0,0,0
0,1.5,5,25,50,50,0,,,,0,0,0,0,0
0,1.5,5,25,60,10,0,,,,0,0,0,0,0
0,1.5,5,25,60,25,0,,,,0,0,0,0,0
0,1.5,5,25,60,50,0,,,,0,0,0,0,0
0,1.5,5,25,75,10,0,,,,0,0,0,0,0
0,1.5,5,25,75,25,0,,,,0,0,0,0,0
0,1.5,5,25,75,50,0,,,,0,0,0,0,0
0,1.5,10,20,50,10,15,1.0909090909090908,0.06666666666666667,0.26666666666666666,4,11,4,0,11
0,1.5,10,20,50,25,14,0.8181818181818182,-0.14285714285714285,0.21428571428571427,3,11,3,0,11
0,1.5,10,20,50,50,13,0.9,-0.07692307692307693,0.23076923076923078,3,10,3,0,10
0,1.5,10,20,60,10,15,1.0909090909090908,0.06666666666666667,0.26666666666666666,4,11,4,0,11
0,1.5,10,20,60,25,14,0.8181818181818182,-0.14285714285714285,0.21428571428571427,3,11,3,0,11
0,1.5,10,20,60,50,13,0.9,-0.07692307692307693,0.23076923076923078,3,10,3,0,10
0,1.5,10,20,75,10,15,1.0909090909090908,0.06666666666666667,0.26666666666666666,4,11,4,0,11
0,1.5,10,20,75,25,14,0.8181818181818182,-0.14285714285714285,0.21428571428571427,3,11,3,0,11
0,1.5,10,20,75,50,13,0.9,-0.07692307692307693,0.23076923076923078,3,10,3,0,10
0,1.5,10,25,50,10,15,1.0909090909090908,0.06666666666666667,0.26666666666666666,4,11,4,0,11
0,1.5,10,25,50,25,14,0.8181818181818182,-0.14285714285714285,0.21428571428571427,3,11,3,0,11
0,1.5,10,25,50,50,13,0.9,-0.07692307692307693,0.23076923076923078,3,10,3,0,10
0,1.5,10,25,60,10,15,1.0909090909090908,0.06666666666666667,0.26666666666666666,4,11,4,0,11
0,1.5,10,25,60,25,14,0.8181818181818182,-0.14285714285714285,0.21428571428571427,3,11,3,0,11
0,1.5,10,25,60,50,13,0.9,-0.07692307692307693,0.23076923076923078,3,10,3,0,10
0,1.5,10,25,75,10,15,1.0909090909090908,0.06666666666666667,0.26666666666666666,4,11,4,0,11
0,1.5,10,25,75,25,14,0.8181818181818182,-0.14285714285714285,0.21428571428571427,3,11,3,0,11
0,1.5,10,25,75,50,13,0.9,-0.07692307692307693,0.23076923076923078,3,10,3,0,10
0,1.5,20,20,50,10,35,1.2,0.14285714285714285,0.2857142857142857,10,25,10,0,25
0,1.5,20,20,50,25,31,1.4285714285714286,0.2903225806451613,0.3225806451612903,10,21,10,0,21
0,1.5,20,20,50,50,27,1.5,0.3333333333333333,0.3333333333333333,9,18,9,0,18
0,1.5,20,20,60,10,35,1.2,0.14285714285714285,0.2857142857142857,10,25,10,0,25
0,1.5,20,20,60,25,31,1.4285714285714286,0.2903225806451613,0.3225806451612903,10,21,10,0,21
0,1.5,20,20,60,50,27,1.5,0.3333333333333333,0.3333333333333333,9,18,9,0,18
0,1.5,20,20,75,10,35,1.2,0.14285714285714285,0.2857142857142857,10,25,10,0,25
0,1.5,20,20,75,25,31,1.4285714285714286,0.2903225806451613,0.3225806451612903,10,21,10,0,21
0,1.5,20,20,75,50,27,1.5,0.3333333333333333,0.3333333333333333,9,18,9,0,18
0,1.5,20,25,50,10,35,1.2,0.14285714285714285,0.2857142857142857,10,25,10,0,25
0,1.5,20,25,50,25,31,1.4285714285714286,0.2903225806451613,0.3225806451612903,10,21,10,0,21
0,1.5,20,25,50,50,27,1.5,0.3333333333333333,0.3333333333333333,9,18,9,0,18
0,1.5,20,25,60,10,35,1.2,0.14285714285714285,0.2857142857142857,10,25,10,0,25
0,1.5,20,25,60,25,31,1.4285714285714286,0.2903225806451613,0.3225806451612903,10,21,10,0,21
0,1.5,20,25,60,50,27,1.5,0.3333333333333333,0.3333333333333333,9,18,9,0,18
0,1.5,20,25,75,10,35,1.2,0.14285714285714285,0.2857142857142857,10,25,10,0,25
0,1.5,20,25,75,25,31,1.4285714285714286,0.2903225806451613,0.3225806451612903,10,21,10,0,21
0,1.5,20,25,75,50,27,1.5,0.3333333333333333,0.3333333333333333,9,18,9,0,18
1,0.3,5,20,50,10,62,1.9142857142857144,0.5161290322580645,0.43548387096774194,27,35,20,7,35
1,0.3,5,20,50,25,65,1.8157894736842106,0.47692307692307695,0.4153846153846154,27,38,21,6,38
1,0.3,5,20,50,50,53,1.8064516129032258,0.4716981132075472,0.41509433962264153,22,31,17,5,31
1,0.3,5,20,60,10,62,1.9142857142857144,0.5161290322580645,0.43548387096774194,27,35,20,7,35
1,0.3,5,20,60,25,65,1.8157894736842106,0.47692307692307695,0.4153846153846154,27,38,21,6,38
1,0.3,5,20,60,50,53,1.8064516129032258,0.4716981132075472,0.41509433962264153,22,31,17,5,31
1,0.3,5,20,75,10,62,1.9142857142857144,0.5161290322580645,0.43548387096774194,27,35,20,7,35
1,0.3,5,20,75,25,65,1.8157894736842106,0.47692307692307695,0.4153846153846154,27,38,21,6,38
1,0.3,5,20,75,50,53,1.8064516129032258,0.4716981132075472,0.41509433962264153,22,31,17,5,31
1,0.3,5,25,50,10,62,1.9142857142857144,0.5161290322580645,0.43548387096774194,27,35,20,7,35
1,0.3,5,25,50,25,65,1.8157894736842106,0.47692307692307695,0.4153846153846154,27,38,21,6,38
1,0.3,5,25,50,50,53,1.8064516129032258,0.4716981132075472,0.41509433962264153,22,31,17,5,31
1,0.3,5,25,60,10,64,1.864864864864865,0.5,0.421875,27,37,21,6,37
1,0.3,5,25,60,25,65,1.8157894736842106,0.47692307692307695,0.4153846153846154,27,38,21,6,38
1,0.3,5,25,60,50,54,1.8125,0.48148148148148145,0.4074074074074074,22,32,18,4,32
1,0.3,5,25,75,10,64,1.864864864864865,0.5,0.421875,27,37,21,6,37
1,0.3,5,25,75,25,65,1.8157894736842106,0.47692307692307695,0.4153846153846154,27,38,21,6,38
1,0.3,5,25,75,50,54,1.8125,0.48148148148148145,0.4074074074074074,22,32,18,4,32
1,0.3,10,20,50,10,90,1.456140350877193,0.28888888888888886,0.36666666666666664,33,57,25,8,57
1,0.3,10,20,50,25,82,1.6,0.36585365853658536,0.3902439024390244,32,50,24,8,50
1,0.3,10,20,50,50,64,1.3902439024390243,0.25,0.359375,23,41,17,6,41
1,0.3,10,20,60,10,86,1.4727272727272727,0.3023255813953488,0.36046511627906974,31,55,25,6,55
1,0.3,10,20,60,25,77,1.574468085106383,0.35064935064935066,0.38961038961038963,30,47,22,8,47
1,0.3,10,20,60,50,63,1.3095238095238095,0.20634920634920634,0.3333333333333333,21,42,17,4,42
1,0.3,10,20,75,10,86,1.4727272727272727,0.3023255813953488,0.36046511627906974,31,55,25,6,55
1,0.3,10,20,75,25,77,1.574468085106383,0.35064935064935066,0.38961038961038963,30,47,22,8,47
1,0.3,10,20,75,50,63,1.3095238095238095,0.20634920634920634,0.3333333333333333,21,42,17,4,42
1,0.3,10,25,50,10,90,1.456140350877193,0.28888888888888886,0.36666666666666664,33,57,25,8,57
1,0.3,10,25,50,25,82,1.6,0.36585365853658536,0.3902439024390244,32,50,24,8,50
1,0.3,10,25,50,50,64,1.3902439024390243,0.25,0.359375,23,41,17,6,41
1,0.3,10,25,60,10,85,1.3392857142857142,0.2235294117647059,0.3411764705882353,29,56,23,6,56
1,0.3,10,25,60,25,76,1.4583333333333333,0.2894736842105263,0.3684210526315789,28,48,21,7,48
1,0.3,10,25,60,50,63,1.1590909090909092,0.1111111111111111,0.30158730158730157,19,44,16,3,44
1,0.3,10,25,75,10,85,1.3392857142857142,0.2235294117647059,0.3411764705882353,29,56,23,6,56
1,0.3,10,25,75,25,76,1.4583333333333333,0.2894736842105263,0.3684210526315789,28,48,21,7,48
1,0.3,10,25,75,50,63,1.1590909090909092,0.1111111111111111,0.30158730158730157,19,44,16,3,44
1,0.3,20,20,50,10,94,1.5714285714285714,0.3404255319148936,0.40425531914893614,38,56,25,13,56
1,0.3,20,20,50,25,86,1.588235294117647,0.3488372093023256,0.4069767441860465,35,51,23,12,51
1,0.3,20,20,50,50,65,1.475,0.2923076923076923,0.38461538461538464,25,40,17,8,40
1,0.3,20,20,60,10,90,1.509090909090909,0.3111111111111111,0.3888888888888889,35,55,24,11,55
1,0.3,20,20,60,25,82,1.3396226415094339,0.21951219512195122,0.35365853658536583,29,53,21,8,53
1,0.3,20,20,60,50,63,1.2619047619047619,0.1746031746031746,0.3333333333333333,21,42,16,5,42
1,0.3,20,20,75,10,90,1.509090909090909,0.3111111111111111,0.3888888888888889,35,55,24,11,55
1,0.3,20,20,75,25,82,1.3396226415094339,0.21951219512195122,0.35365853658536583,29,53,21,8,53
1,0.3,20,20,75,50,63,1.2619047619047619,0.1746031746031746,0.3333333333333333,21,42,16,5,42
1,0.3,20,25,50,10,94,1.5714285714285714,0.3404255319148936,0.40425531914893614,38,56,25,13,56
1,0.3,20,25,50,25,86,1.588235294117647,0.3488372093023256,0.4069767441860465,35,51,23,12,51
1,0.3,20,25,50,50,65,1.475,0.2923076923076923,0.38461538461538464,25,40,17,8,40
1,0.3,20,25,60,10,88,1.4285714285714286,0.2727272727272727,0.36363636363636365,32,56,24,8,56
1,0.3,20,25,60,25,81,1.4423076923076923,0.2839506172839506,0.35802469135802467,29,52,23,6,52
1,0.3,20,25,60,50,60,1.3,0.2,0.3333333333333333,20,40,16,4,40
1,0.3,20,25,75,10,88,1.4285714285714286,0.2727272727272727,0.36363636363636365,32,56,24,8,56
1,0.3,20,25,75,25,81,1.4423076923076923,0.2839506172839506,0.35802469135802467,29,52,23,6,52
1,0.3,20,25,75,50,60,1.3,0.2,0.3333333333333333,20,40,16,4,40
1,0.5,5,20,50,10,50,1.7741935483870968,0.48,0.38,19,31,18,1,31
1,0.5,5,20,50,25,49,1.8333333333333333,0.5102040816326531,0.3877551020408163,19,30,18,1,30
1,0.5,5,20,50,50,44,2.0,0.5909090909090909,0.4090909090909091,18,26,17,1,26
1,0.5,5,20,60,10,50,1.7741935483870968,0.48,0.38,19,31,18,1,31
1,0.5,5,20,60,25,49,1.8333333333333333,0.5102040816326531,0.3877551020408163,19,30,18,1,30
1,0.5,5,20,60,50,44,2.0,0.5909090909090909,0.4090909090909091,18,26,17,1,26
1,0.5,5,20,75,10,50,1.7741935483870968,0.48,0.38,19,31,18,1,31
1,0.5,5,20,75,25,49,1.8333333333333333,0.5102040816326531,0.3877551020408163,19,30,18,1,30
1,0.5,5,20,75,50,44,2.0,0.5909090909090909,0.4090909090909091,18,26,17,1,26
1,0.5,5,25,50,10,50,1.7741935483870968,0.48,0.38,19,31,18,1,31
1,0.5,5,25,50,25,49,1.8333333333333333,0.5102040816326531,0.3877551020408163,19,30,18,1,30
1,0.5,5,25,50,50,44,2.0,0.5909090909090909,0.4090909090909091,18,26,17,1,26
1,0.5,5,25,60,10,50,1.7741935483870968,0.48,0.38,19,31,18,1,31
1,0.5,5,25,60,25,49,1.8333333333333333,0.5102040816326531,0.3877551020408163,19,30,18,1,30
1,0.5,5,25,60,50,44,2.0,0.5909090909090909,0.4090909090909091,18,26,17,1,26
1,0.5,5,25,75,10,50,1.7741935483870968,0.48,0.38,19,31,18,1,31
1,0.5,5,25,75,25,49,1.8333333333333333,0.5102040816326531,0.3877551020408163,19,30,18,1,30
1,0.5,5,25,75,50,44,2.0,0.5909090909090909,0.4090909090909091,18,26,17,1,26
1,0.5,10,20,50,10,69,1.9487179487179487,0.5362318840579711,0.43478260869565216,30,39,23,7,39
1,0.5,10,20,50,25,71,1.6136363636363635,0.38028169014084506,0.38028169014084506,27,44,22,5,44
1,0.5,10,20,50,50,59,1.435897435897436,0.288135593220339,0.3389830508474576,20,39,18,2,39
1,0.5,10,20,60,10,68,1.8717948717948718,0.5,0.4264705882352941,29,39,22,7,39
1,0.5,10,20,60,25,70,1.5454545454545454,0.34285714285714286,0.37142857142857144,26,44,21,5,44
1,0.5,10,20,60,50,59,1.435897435897436,0.288135593220339,0.3389830508474576,20,39,18,2,39
1,0.5,10,20,75,10,68,1.8717948717948718,0.5,0.4264705882352941,29,39,22,7,39
1,0.5,10,20,75,25,70,1.5454545454545454,0.34285714285714286,0.37142857142857144,26,44,21,5,44
1,0.5,10,20,75,50,59,1.435897435897436,0.288135593220339,0.3389830508474576,20,39,18,2,39
1,0.5,10,25,50,10,69,1.9487179487179487,0.5362318840579711,0.43478260869565216,30,39,23,7,39
1,0.5,10,25,50,25,71,1.6136363636363635,0.38028169014084506,0.38028169014084506,27,44,22,5,44
1,0.5,10,25,50,50,59,1.435897435897436,0.288135593220339,0.3389830508474576,20,39,18,2,39
1,0.5,10,25,60,10,69,1.7560975609756098,0.4492753623188406,0.4057971014492754,28,41,22,6,41
1,0.5,10,25,60,25,70,1.488888888888889,0.3142857142857143,0.35714285714285715,25,45,21,4,45
1,0.5,10,25,60,50,58,1.4736842105263157,0.3103448275862069,0.3448275862068966,20,38,18,2,38
1,0.5,10,25,75,10,69,1.7560975609756098,0.4492753623188406,0.4057971014492754,28,41,22,6,41
1,0.5,10,25,75,25,70,1.488888888888889,0.3142857142857143,0.35714285714285715,25,45,21,4,45
1,0.5,10,25,75,50,58,1.4736842105263157,0.3103448275862069,0.3448275862068966,20,38,18,2,38
1,0.5,20,20,50,10,84,1.64,0.38095238095238093,0.40476190476190477,34,50,24,10,50
1,0.5,20,20,50,25,77,1.8409090909090908,0.4805194805194805,0.42857142857142855,33,44,24,9,44
1,0.5,20,20,50,50,62,1.4736842105263157,0.2903225806451613,0.3870967741935484,24,38,16,8,38
1,0.5,20,20,60,10,81,1.5918367346938775,0.35802469135802467,0.3950617283950617,32,49,23,9,49
1,0.5,20,20,60,25,75,1.5869565217391304,0.36,0.38666666666666666,29,46,22,7,46
1,0.5,20,20,60,50,60,1.358974358974359,0.23333333333333334,0.35,21,39,16,5,39
1,0.5,20,20,75,10,81,1.5918367346938775,0.35802469135802467,0.3950617283950617,32,49,23,9,49
1,0.5,20,20,75,25,75,1.5869565217391304,0.36,0.38666666666666666,29,46,22,7,46
1,0.5,20,20,75,50,60,1.358974358974359,0.23333333333333334,0.35,21,39,16,5,39
1,0.5,20,25,50,10,84,1.64,0.38095238095238093,0.40476190476190477,34,50,24,10,50
1,0.5,20,25,50,25,77,1.8409090909090908,0.4805194805194805,0.42857142857142855,33,44,24,9,44
1,0.5,20,25,50,50,62,1.4736842105263157,0.2903225806451613,0.3870967741935484,24,38,16,8,38
1,0.5,20,25,60,10,80,1.48,0.3,0.375,30,50,22,8,50
1,0.5,20,25,60,25,73,1.6590909090909092,0.3972602739726027,0.3972602739726027,29,44,22,7,44
1,0.5,20,25,60,50,57,1.4722222222222223,0.2982456140350877,0.3684210526315789,21,36,16,5,36
1,0.5,20,25,75,10,80,1.48,0.3,0.375,30,50,22,8,50
1,0.5,20,25,75,25,73,1.6590909090909092,0.3972602739726027,0.3972602739726027,29,44,22,7,44
1,0.5,20,25,75,50,57,1.4722222222222223,0.2982456140350877,0.3684210526315789,21,36,16,5,36
1,0.7,5,20,50,10,34,1.6363636363636365,0.4117647058823529,0.35294117647058826,12,22,12,0,22
1,0.7,5,20,50,25,34,1.6363636363636365,0.4117647058823529,0.35294117647058826,12,22,12,0,22
1,0.7,5,20,50,50,32,1.5714285714285714,0.375,0.34375,11,21,11,0,21
1,0.7,5,20,60,10,34,1.6363636363636365,0.4117647058823529,0.35294117647058826,12,22,12,0,22
1,0.7,5,20,60,25,34,1.6363636363636365,0.4117647058823529,0.35294117647058826,12,22,12,0,22
1,0.7,5,20,60,50,32,1.5714285714285714,0.375,0.34375,11,21,11,0,21
1,0.7,5,20,75,10,34,1.6363636363636365,0.4117647058823529,0.35294117647058826,12,22,12,0,22
1,0.7,5,20,75,25,34,1.6363636363636365,0.4117647058823529,0.35294117647058826,12,22,12,0,22
1,0.7,5,20,75,50,32,1.5714285714285714,0.375,0.34375,11,21,11,0,21
1,0.7,5,25,50,10,34,1.6363636363636365,0.4117647058823529,0.35294117647058826,12,22,12,0,22
1,0.7,5,25,50,25,34,1.6363636363636365,0.4117647058823529,0.35294117647058826,12,22,12,0,22
1,0.7,5,25,50,50,32,1.5714285714285714,0.375,0.34375,11,21,11,0,21
1,0.7,5,25,60,10,34,1.6363636363636365,0.4117647058823529,0.35294117647058826,12,22,12,0,22
1,0.7,5,25,60,25,34,1.6363636363636365,0.4117647058823529,0.35294117647058826,12,22,12,0,22
1,0.7,5,25,60,50,32,1.5714285714285714,0.375,0.34375,11,21,11,0,21
1,0.7,5,25,75,10,34,1.6363636363636365,0.4117647058823529,0.35294117647058826,12,22,12,0,22
1,0.7,5,25,75,25,34,1.6363636363636365,0.4117647058823529,0.35294117647058826,12,22,12,0,22
1,0.7,5,25,75,50,32,1.5714285714285714,0.375,0.34375,11,21,11,0,21
1,0.7,10,20,50,10,60,1.4615384615384615,0.3,0.35,21,39,18,3,39
1,0.7,10,20,50,25,59,1.3846153846153846,0.2542372881355932,0.3389830508474576,20,39,17,3,39
1,0.7,10,20,50,50,54,1.5142857142857142,0.3333333333333333,0.35185185185185186,19,35,17,2,35
1,0.7,10,20,60,10,60,1.4615384615384615,0.3,0.35,21,39,18,3,39
1,0.7,10,20,60,25,59,1.3846153846153846,0.2542372881355932,0.3389830508474576,20,39,17,3,39
1,0.7,10,20,60,50,54,1.5142857142857142,0.3333333333333333,0.35185185185185186,19,35,17,2,35
1,0.7,10,20,75,10,60,1.4615384615384615,0.3,0.35,21,39,18,3,39
1,0.7,10,20,75,25,59,1.3846153846153846,0.2542372881355932,0.3389830508474576,20,39,17,3,39
1,0.7,10,20,75,50,54,1.5142857142857142,0.3333333333333333,0.35185185185185186,19,35,17,2,35
1,0.7,10,25,50,10,60,1.4615384615384615,0.3,0.35,21,39,18,3,39
1,0.7,10,25,50,25,59,1.3846153846153846,0.2542372881355932,0.3389830508474576,20,39,17,3,39
1,0.7,10,25,50,50,54,1.5142857142857142,0.3333333333333333,0.35185185185185186,19,35,17,2,35
1,0.7,10,25,60,10,60,1.4615384615384615,0.3,0.35,21,39,18,3,39
1,0.7,10,25,60,25,59,1.3846153846153846,0.2542372881355932,0.3389830508474576,20,39,17,3,39
1,0.7,10,25,60,50,53,1.5588235294117647,0.3584905660377358,0.3584905660377358,19,34,17,2,34
1,0.7,10,25,75,10,60,1.4615384615384615,0.3,0.35,21,39,18,3,39
1,0.7,10,25,75,25,59,1.3846153846153846,0.2542372881355932,0.3389830508474576,20,39,17,3,39
1,0.7,10,25,75,50,53,1.5588235294117647,0.3584905660377358,0.3584905660377358,19,34,17,2,34
1,0.7,20,20,50,10,78,1.6382978723404256,0.38461538461538464,0.3974358974358974,31,47,23,8,47
1,0.7,20,20,50,25,69,2.026315789473684,0.5652173913043478,0.4492753623188406,31,38,23,8,38
1,0.7,20,20,50,50,61,1.2195121951219512,0.14754098360655737,0.32786885245901637,20,41,15,5,41
1,0.7,20,20,60,10,74,1.7272727272727273,0.43243243243243246,0.40540540540540543,30,44,23,7,44
1,0.7,20,20,60,25,67,1.9736842105263157,0.5522388059701493,0.43283582089552236,29,38,23,6,38
1,0.7,20,20,60,50,60,1.3,0.2,0.3333333333333333,20,40,16,4,40
1,0.7,20,20,75,10,74,1.7272727272727273,0.43243243243243246,0.40540540540540543,30,44,23,7,44
1,0.7,20,20,75,25,67,1.9736842105263157,0.5522388059701493,0.43283582089552236,29,38,23,6,38
1,0.7,20,20,75,50,60,1.3,0.2,0.3333333333333333,20,40,16,4,40
1,0.7,20,25,50,10,78,1.6382978723404256,0.38461538461538464,0.3974358974358974,31,47,23,8,47
1,0.7,20,25,50,25,69,2.026315789473684,0.5652173913043478,0.4492753623188406,31,38,23,8,38
1,0.7,20,25,50,50,61,1.2195121951219512,0.14754098360655737,0.32786885245901637,20,41,15,5,41
1,0.7,20,25,60,10,73,1.6,0.3698630136986301,0.3835616438356164,28,45,22,6,45
1,0.7,20,25,60,25,66,1.8205128205128205,0.48484848484848486,0.4090909090909091,27,39,22,5,39
1,0.7,20,25,60,50,57,1.2307692307692308,0.15789473684210525,0.3157894736842105,18,39,15,3,39
1,0.7,20,25,75,10,73,1.6,0.3698630136986301,0.3835616438356164,28,45,22,6,45
1,0.7,20,25,75,25,66,1.8205128205128205,0.48484848484848486,0.4090909090909091,27,39,22,5,39
1,0.7,20,25,75,50,57,1.2307692307692308,0.15789473684210525,0.3157894736842105,18,39,15,3,39
1,1.0,5,20,50,10,9,1.5,0.3333333333333333,0.3333333333333333,3,6,3,0,6
1,1.0,5,20,50,25,9,1.5,0.3333333333333333,0.3333333333333333,3,6,3,0,6
1,1.0,5,20,50,50,9,1.5,0.3333333333333333,0.3333333333333333,3,6,3,0,6
1,1.0,5,20,60,10,9,1.5,0.3333333333333333,0.3333333333333333,3,6,3,0,6
1,1.0,5,20,60,25,9,1.5,0.3333333333333333,0.3333333333333333,3,6,3,0,6
1,1.0,5,20,60,50,9,1.5,0.3333333333333333,0.3333333333333333,3,6,3,0,6
1,1.0,5,20,75,10,9,1.5,0.3333333333333333,0.3333333333333333,3,6,3,0,6
1,1.0,5,20,75,25,9,1.5,0.3333333333333333,0.3333333333333333,3,6,3,0,6
1,1.0,5,20,75,50,9,1.5,0.3333333333333333,0.3333333333333333,3,6,3,0,6
1,1.0,5,25,50,10,9,1.5,0.3333333333333333,0.3333333333333333,3,6,3,0,6
1,1.0,5,25,50,25,9,1.5,0.3333333333333333,0.3333333333333333,3,6,3,0,6
1,1.0,5,25,50,50,9,1.5,0.3333333333333333,0.3333333333333333,3,6,3,0,6
1,1.0,5,25,60,10,9,1.5,0.3333333333333333,0.3333333333333333,3,6,3,0,6
1,1.0,5,25,60,25,9,1.5,0.3333333333333333,0.3333333333333333,3,6,3,0,6
1,1.0,5,25,60,50,9,1.5,0.3333333333333333,0.3333333333333333,3,6,3,0,6
1,1.0,5,25,75,10,9,1.5,0.3333333333333333,0.3333333333333333,3,6,3,0,6
1,1.0,5,25,75,25,9,1.5,0.3333333333333333,0.3333333333333333,3,6,3,0,6
1,1.0,5,25,75,50,9,1.5,0.3333333333333333,0.3333333333333333,3,6,3,0,6
1,1.0,10,20,50,10,53,1.2972972972972974,0.20754716981132076,0.3018867924528302,16,37,16,0,37
1,1.0,10,20,50,25,52,1.3333333333333333,0.23076923076923078,0.3076923076923077,16,36,16,0,36
1,1.0,10,20,50,50,45,1.5,0.3333333333333333,0.3333333333333333,15,30,15,0,30
1,1.0,10,20,60,10,53,1.2972972972972974,0.20754716981132076,0.3018867924528302,16,37,16,0,37
1,1.0,10,20,60,25,52,1.3333333333333333,0.23076923076923078,0.3076923076923077,16,36,16,0,36
1,1.0,10,20,60,50,45,1.5,0.3333333333333333,0.3333333333333333,15,30,15,0,30
1,1.0,10,20,75,10,53,1.2972972972972974,0.20754716981132076,0.3018867924528302,16,37,16,0,37
1,1.0,10,20,75,25,52,1.3333333333333333,0.23076923076923078,0.3076923076923077,16,36,16,0,36
1,1.0,10,20,75,50,45,1.5,0.3333333333333333,0.3333333333333333,15,30,15,0,30
1,1.0,10,25,50,10,53,1.2972972972972974,0.20754716981132076,0.3018867924528302,16,37,16,0,37
1,1.0,10,25,50,25,52,1.3333333333333333,0.23076923076923078,0.3076923076923077,16,36,16,0,36
1,1.0,10,25,50,50,45,1.5,0.3333333333333333,0.3333333333333333,15,30,15,0,30
1,1.0,10,25,60,10,53,1.2972972972972974,0.20754716981132076,0.3018867924528302,16,37,16,0,37
1,1.0,10,25,60,25,52,1.3333333333333333,0.23076923076923078,0.3076923076923077,16,36,16,0,36
1,1.0,10,25,60,50,45,1.5,0.3333333333333333,0.3333333333333333,15,30,15,0,30
1,1.0,10,25,75,10,53,1.2972972972972974,0.20754716981132076,0.3018867924528302,16,37,16,0,37
1,1.0,10,25,75,25,52,1.3333333333333333,0.23076923076923078,0.3076923076923077,16,36,16,0,36
1,1.0,10,25,75,50,45,1.5,0.3333333333333333,0.3333333333333333,15,30,15,0,30
1,1.0,20,20,50,10,70,1.6666666666666667,0.4,0.4,28,42,21,7,42
1,1.0,20,20,50,25,61,1.8285714285714285,0.47540983606557374,0.4262295081967213,26,35,19,7,35
1,1.0,20,20,50,50,59,1.325,0.22033898305084745,0.3220338983050847,19,40,17,2,40
1,1.0,20,20,60,10,67,1.6097560975609757,0.373134328358209,0.3880597014925373,26,41,20,6,41
1,1.0,20,20,60,25,62,1.631578947368421,0.3870967741935484,0.3870967741935484,24,38,19,5,38
1,1.0,20,20,60,50,58,1.4736842105263157,0.3103448275862069,0.3448275862068966,20,38,18,2,38
1,1.0,20,20,75,10,67,1.6097560975609757,0.373134328358209,0.3880597014925373,26,41,20,6,41
1,1.0,20,20,75,25,62,1.631578947368421,0.3870967741935484,0.3870967741935484,24,38,19,5,38
1,1.0,20,20,75,50,58,1.4736842105263157,0.3103448275862069,0.3448275862068966,20,38,18,2,38
1,1.0,20,25,50,10,70,1.6666666666666667,0.4,0.4,28,42,21,7,42
1,1.0,20,25,50,25,61,1.8285714285714285,0.47540983606557374,0.4262295081967213,26,35,19,7,35
1,1.0,20,25,50,50,59,1.325,0.22033898305084745,0.3220338983050847,19,40,17,2,40
1,1.0,20,25,60,10,67,1.6097560975609757,0.373134328358209,0.3880597014925373,26,41,20,6,41
1,1.0,20,25,60,25,62,1.631578947368421,0.3870967741935484,0.3870967741935484,24,38,19,5,38
1,1.0,20,25,60,50,58,1.4736842105263157,0.3103448275862069,0.3448275862068966,20,38,18,2,38
1,1.0,20,25,75,10,67,1.6097560975609757,0.373134328358209,0.3880597014925373,26,41,20,6,41
1,1.0,20,25,75,25,62,1.631578947368421,0.3870967741935484,0.3870967741935484,24,38,19,5,38
1,1.0,20,25,75,50,58,1.4736842105263157,0.3103448275862069,0.3448275862068966,20,38,18,2,38
1,1.5,5,20,50,10,0,,,,0,0,0,0,0
1,1.5,5,20,50,25,0,,,,0,0,0,0,0
1,1.5,5,20,50,50,0,,,,0,0,0,0,0
1,1.5,5,20,60,10,0,,,,0,0,0,0,0
1,1.5,5,20,60,25,0,,,,0,0,0,0,0
1,1.5,5,20,60,50,0,,,,0,0,0,0,0
1,1.5,5,20,75,10,0,,,,0,0,0,0,0
1,1.5,5,20,75,25,0,,,,0,0,0,0,0
1,1.5,5,20,75,50,0,,,,0,0,0,0,0
1,1.5,5,25,50,10,0,,,,0,0,0,0,0
1,1.5,5,25,50,25,0,,,,0,0,0,0,0
1,1.5,5,25,50,50,0,,,,0,0,0,0,0
1,1.5,5,25,60,10,0,,,,0,0,0,0,0
1,1.5,5,25,60,25,0,,,,0,0,0,0,0
1,1.5,5,25,60,50,0,,,,0,0,0,0,0
1,1.5,5,25,75,10,0,,,,0,0,0,0,0
1,1.5,5,25,75,25,0,,,,0,0,0,0,0
1,1.5,5,25,75,50,0,,,,0,0,0,0,0
1,1.5,10,20,50,10,24,1.0,0.0,0.25,6,18,6,0,18
1,1.5,10,20,50,25,23,0.8333333333333334,-0.13043478260869565,0.21739130434782608,5,18,5,0,18
1,1.5,10,20,50,50,22,0.8823529411764706,-0.09090909090909091,0.22727272727272727,5,17,5,0,17
1,1.5,10,20,60,10,24,1.0,0.0,0.25,6,18,6,0,18
1,1.5,10,20,60,25,23,0.8333333333333334,-0.13043478260869565,0.21739130434782608,5,18,5,0,18
1,1.5,10,20,60,50,22,0.8823529411764706,-0.09090909090909091,0.22727272727272727,5,17,5,0,17
1,1.5,10,20,75,10,24,1.0,0.0,0.25,6,18,6,0,18
1,1.5,10,20,75,25,23,0.8333333333333334,-0.13043478260869565,0.21739130434782608,5,18,5,0,18
1,1.5,10,20,75,50,22,0.8823529411764706,-0.09090909090909091,0.22727272727272727,5,17,5,0,17
1,1.5,10,25,50,10,24,1.0,0.0,0.25,6,18,6,0,18
1,1.5,10,25,50,25,23,0.8333333333333334,-0.13043478260869565,0.21739130434782608,5,18,5,0,18
1,1.5,10,25,50,50,22,0.8823529411764706,-0.09090909090909091,0.22727272727272727,5,17,5,0,17
1,1.5,10,25,60,10,24,1.0,0.0,0.25,6,18,6,0,18
1,1.5,10,25,60,25,23,0.8333333333333334,-0.13043478260869565,0.21739130434782608,5,18,5,0,18
1,1.5,10,25,60,50,22,0.8823529411764706,-0.09090909090909091,0.22727272727272727,5,17,5,0,17
1,1.5,10,25,75,10,24,1.0,0.0,0.25,6,18,6,0,18
1,1.5,10,25,75,25,23,0.8333333333333334,-0.13043478260869565,0.21739130434782608,5,18,5,0,18
1,1.5,10,25,75,50,22,0.8823529411764706,-0.09090909090909091,0.22727272727272727,5,17,5,0,17
1,1.5,20,20,50,10,60,1.1395348837209303,0.1,0.2833333333333333,17,43,16,1,43
1,1.5,20,20,50,25,57,1.225,0.15789473684210525,0.2982456140350877,17,40,16,1,40
1,1.5,20,20,50,50,49,1.393939393939394,0.2653061224489796,0.32653061224489793,16,33,15,1,33
1,1.5,20,20,60,10,60,1.1395348837209303,0.1,0.2833333333333333,17,43,16,1,43
1,1.5,20,20,60,25,57,1.225,0.15789473684210525,0.2982456140350877,17,40,16,1,40
1,1.5,20,20,60,50,49,1.393939393939394,0.2653061224489796,0.32653061224489793,16,33,15,1,33
1,1.5,20,20,75,10,60,1.1395348837209303,0.1,0.2833333333333333,17,43,16,1,43
1,1.5,20,20,75,25,57,1.225,0.15789473684210525,0.2982456140350877,17,40,16,1,40
1,1.5,20,20,75,50,49,1.393939393939394,0.2653061224489796,0.32653061224489793,16,33,15,1,33
1,1.5,20,25,50,10,60,1.1395348837209303,0.1,0.2833333333333333,17,43,16,1,43
1,1.5,20,25,50,25,57,1.225,0.15789473684210525,0.2982456140350877,17,40,16,1,40
1,1.5,20,25,50,50,49,1.393939393939394,0.2653061224489796,0.32653061224489793,16,33,15,1,33
1,1.5,20,25,60,10,60,1.1395348837209303,0.1,0.2833333333333333,17,43,16,1,43
1,1.5,20,25,60,25,57,1.225,0.15789473684210525,0.2982456140350877,17,40,16,1,40
1,1.5,20,25,60,50,49,1.393939393939394,0.2653061224489796,0.32653061224489793,16,33,15,1,33
1,1.5,20,25,75,10,60,1.1395348837209303,0.1,0.2833333333333333,17,43,16,1,43
1,1.5,20,25,75,25,57,1.225,0.15789473684210525,0.2982456140350877,17,40,16,1,40
1,1.5,20,25,75,50,49,1.393939393939394,0.2653061224489796,0.32653061224489793,16,33,15,1,33
2,0.3,5,20,50,10,96,2.0943396226415096,0.6041666666666666,0.4479166666666667,43,53,34,9,53
2,0.3,5,20,50,25,97,2.0925925925925926,0.6082474226804123,0.44329896907216493,43,54,35,8,54
2,0.3,5,20,50,50,79,2.0,0.569620253164557,0.43037974683544306,34,45,28,6,45
2,0.3,5,20,60,10,96,2.0943396226415096,0.6041666666666666,0.4479166666666667,43,53,34,9,53
2,0.3,5,20,60,25,97,2.0925925925925926,0.6082474226804123,0.44329896907216493,43,54,35,8,54
2,0.3,5,20,60,50,79,2.0,0.569620253164557,0.43037974683544306,34,45,28,6,45
2,0.3,5,20,75,10,96,2.0943396226415096,0.6041666666666666,0.4479166666666667,43,53,34,9,53
2,0.3,5,20,75,25,97,2.0925925925925926,0.6082474226804123,0.44329896907216493,43,54,35,8,54
2,0.3,5,20,75,50,79,2.0,0.569620253164557,0.43037974683544306,34,45,28,6,45
2,0.3,5,25,50,10,96,2.0943396226415096,0.6041666666666666,0.4479166666666667,43,53,34,9,53
2,0.3,5,25,50,25,97,2.0925925925925926,0.6082474226804123,0.44329896907216493,43,54,35,8,54
2,0.3,5,25,50,50,79,2.0,0.569620253164557,0.43037974683544306,34,45,28,6,45
2,0.3,5,25,60,10,97,2.0925925925925926,0.6082474226804123,0.44329896907216493,43,54,35,8,54
2,0.3,5,25,60,25,96,2.1320754716981134,0.625,0.4479166666666667,43,53,35,8,53
2,0.3,5,25,60,50,80,2.0,0.575,0.425,34,46,29,5,46
2,0.3,5,25,75,10,97,2.0925925925925926,0.6082474226804123,0.44329896907216493,43,54,35,8,54
2,0.3,5,25,75,25,96,2.1320754716981134,0.625,0.4479166666666667,43,53,35,8,53
2,0.3,5,25,75,50,80,2.0,0.575,0.425,34,46,29,5,46
2,0.3,10,20,50,10,139,1.4886363636363635,0.30935251798561153,0.3669064748201439,51,88,40,11,88
2,0.3,10,20,50,25,126,1.5384615384615385,0.3333333333333333,0.38095238095238093,48,78,36,12,78
2,0.3,10,20,50,50,97,1.5081967213114753,0.31958762886597936,0.3711340206185567,36,61,28,8,61
2,0.3,10,20,60,10,133,1.5357142857142858,0.3383458646616541,0.3684210526315789,49,84,40,9,84
2,0.3,10,20,60,25,119,1.5616438356164384,0.3445378151260504,0.3865546218487395,46,73,34,12,73
2,0.3,10,20,60,50,94,1.3870967741935485,0.2553191489361702,0.3404255319148936,32,62,27,5,62
2,0.3,10,20,75,10,133,1.5357142857142858,0.3383458646616541,0.3684210526315789,49,84,40,9,84
2,0.3,10,20,75,25,119,1.5616438356164384,0.3445378151260504,0.3865546218487395,46,73,34,12,73
2,0.3,10,20,75,50,94,1.3870967741935485,0.2553191489361702,0.3404255319148936,32,62,27,5,62
2,0.3,10,25,50,10,139,1.4886363636363635,0.30935251798561153,0.3669064748201439,51,88,40,11,88
2,0.3,10,25,50,25,126,1.5384615384615385,0.3333333333333333,0.38095238095238093,48,78,36,12,78
2,0.3,10,25,50,50,97,1.5081967213114753,0.31958762886597936,0.3711340206185567,36,61,28,8,61
2,0.3,10,25,60,10,126,1.5316455696202531,0.3333333333333333,0.373015873015873,47,79,37,10,79
2,0.3,10,25,60,25,115,1.5492957746478873,0.3391304347826087,0.3826086956521739,44,71,33,11,71
2,0.3,10,25,60,50,94,1.28125,0.19148936170212766,0.3191489361702128,30,64,26,4,64
2,0.3,10,25,75,10,126,1.5316455696202531,0.3333333333333333,0.373015873015873,47,79,37,10,79
2,0.3,10,25,75,25,115,1.5492957746478873,0.3391304347826087,0.3826086956521739,44,71,33,11,71
2,0.3,10,25,75,50,94,1.28125,0.19148936170212766,0.3191489361702128,30,64,26,4,64
2,0.3,20,20,50,10,143,1.5113636363636365,0.3146853146853147,0.38461538461538464,55,88,39,16,88
2,0.3,20,20,50,25,136,1.3953488372093024,0.25,0.36764705882352944,50,86,35,15,86
2,0.3,20,20,50,50,101,1.353846153846154,0.22772277227722773,0.3564356435643564,36,65,26,10,65
2,0.3,20,20,60,10,137,1.5058823529411764,0.31386861313868614,0.3795620437956204,52,85,38,14,85
2,0.3,20,20,60,25,129,1.244186046511628,0.16279069767441862,0.3333333333333333,43,86,32,11,86
2,0.3,20,20,60,50,97,1.196969696969697,0.13402061855670103,0.31958762886597936,31,66,24,7,66
2,0.3,20,20,75,10,137,1.5058823529411764,0.31386861313868614,0.3795620437956204,52,85,38,14,85
2,0.3,20,20,75,25,129,1.244186046511628,0.16279069767441862,0.3333333333333333,43,86,32,11,86
2,0.3,20,20,75,50,97,1.196969696969697,0.13402061855670103,0.31958762886597936,31,66,24,7,66
2,0.3,20,25,50,10,143,1.5113636363636365,0.3146853146853147,0.38461538461538464,55,88,39,16,88
2,0.3,20,25,50,25,136,1.3953488372093024,0.25,0.36764705882352944,50,86,35,15,86
2,0.3,20,25,50,50,101,1.353846153846154,0.22772277227722773,0.3564356435643564,36,65,26,10,65
2,0.3,20,25,60,10,131,1.524390243902439,0.3282442748091603,0.37404580152671757,49,82,38,11,82
2,0.3,20,25,60,25,125,1.353658536585366,0.232,0.344,43,82,34,9,82
2,0.3,20,25,60,50,93,1.2380952380952381,0.16129032258064516,0.3225806451612903,30,63,24,6,63
2,0.3,20,25,75,10,131,1.524390243902439,0.3282442748091603,0.37404580152671757,49,82,38,11,82
2,0.3,20,25,75,25,125,1.353658536585366,0.232,0.344,43,82,34,9,82
2,0.3,20,25,75,50,93,1.2380952380952381,0.16129032258064516,0.3225806451612903,30,63,24,6,63
2,0.5,5,20,50,10,75,2.261904761904762,0.7066666666666667,0.44,33,42,31,2,42
2,0.5,5,20,50,25,73,2.2439024390243905,0.6986301369863014,0.4383561643835616,32,41,30,2,41
2,0.5,5,20,50,50,63,2.78125,0.9047619047619048,0.49206349206349204,31,32,29,2,32
2,0.5,5,20,60,10,75,2.261904761904762,0.7066666666666667,0.44,33,42,31,2,42
2,0.5,5,20,60,25,73,2.2439024390243905,0.6986301369863014,0.4383561643835616,32,41,30,2,41
2,0.5,5,20,60,50,63,2.78125,0.9047619047619048,0.49206349206349204,31,32,29,2,32
2,0.5,5,20,75,10,75,2.261904761904762,0.7066666666666667,0.44,33,42,31,2,42
2,0.5,5,20,75,25,73,2.2439024390243905,0.6986301369863014,0.4383561643835616,32,41,30,2,41
2,0.5,5,20,75,50,63,2.78125,0.9047619047619048,0.49206349206349204,31,32,29,2,32
2,0.5,5,25,50,10,75,2.261904761904762,0.7066666666666667,0.44,33,42,31,2,42
2,0.5,5,25,50,25,73,2.2439024390243905,0.6986301369863014,0.4383561643835616,32,41,30,2,41
2,0.5,5,25,50,50,63,2.78125,0.9047619047619048,0.49206349206349204,31,32,29,2,32
2,0.5,5,25,60,10,75,2.261904761904762,0.7066666666666667,0.44,33,42,31,2,42
2,0.5,5,25,60,25,73,2.2439024390243905,0.6986301369863014,0.4383561643835616,32,41,30,2,41
2,0.5,5,25,60,50,63,2.78125,0.9047619047619048,0.49206349206349204,31,32,29,2,32
2,0.5,5,25,75,10,75,2.261904761904762,0.7066666666666667,0.44,33,42,31,2,42
2,0.5,5,25,75,25,73,2.2439024390243905,0.6986301369863014,0.4383561643835616,32,41,30,2,41
2,0.5,5,25,75,50,63,2.78125,0.9047619047619048,0.49206349206349204,31,32,29,2,32
2,0.5,10,20,50,10,107,1.8870967741935485,0.514018691588785,0.4205607476635514,45,62,36,9,62
2,0.5,10,20,50,25,106,1.8253968253968254,0.49056603773584906,0.4056603773584906,43,63,36,7,63
2,0.5,10,20,50,50,85,1.75,0.4588235294117647,0.38823529411764707,33,52,29,4,52
2,0.5,10,20,60,10,106,1.8387096774193548,0.49056603773584906,0.41509433962264153,44,62,35,9,62
2,0.5,10,20,60,25,105,1.7777777777777777,0.4666666666666667,0.4,42,63,35,7,63
2,0.5,10,20,60,50,85,1.75,0.4588235294117647,0.38823529411764707,33,52,29,4,52
2,0.5,10,20,75,10,106,1.8387096774193548,0.49056603773584906,0.41509433962264153,44,62,35,9,62
2,0.5,10,20,75,25,105,1.7777777777777777,0.4666666666666667,0.4,42,63,35,7,63
2,0.5,10,20,75,50,85,1.75,0.4588235294117647,0.38823529411764707,33,52,29,4,52
2,0.5,10,25,50,10,107,1.8870967741935485,0.514018691588785,0.4205607476635514,45,62,36,9,62
2,0.5,10,25,50,25,106,1.8253968253968254,0.49056603773584906,0.4056603773584906,43,63,36,7,63
2,0.5,10,25,50,50,85,1.75,0.4588235294117647,0.38823529411764707,33,52,29,4,52
2,0.5,10,25,60,10,105,1.8225806451612903,0.4857142857142857,0.4095238095238095,43,62,35,8,62
2,0.5,10,25,60,25,103,1.7903225806451613,0.47572815533980584,0.39805825242718446,41,62,35,6,62
2,0.5,10,25,60,50,84,1.7307692307692308,0.4523809523809524,0.38095238095238093,32,52,29,3,52
2,0.5,10,25,75,10,105,1.8225806451612903,0.4857142857142857,0.4095238095238095,43,62,35,8,62
2,0.5,10,25,75,25,103,1.7903225806451613,0.47572815533980584,0.39805825242718446,41,62,35,6,62
2,0.5,10,25,75,50,84,1.7307692307692308,0.4523809523809524,0.38095238095238093,32,52,29,3,52
2,0.5,20,20,50,10,131,1.620253164556962,0.37404580152671757,0.3969465648854962,52,79,38,14,79
2,0.5,20,20,50,25,119,1.6901408450704225,0.4117647058823529,0.40336134453781514,48,71,36,12,71
2,0.5,20,20,50,50,96,1.4262295081967213,0.2708333333333333,0.3645833333333333,35,61,26,9,61
2,0.5,20,20,60,10,126,1.631578947368421,0.38095238095238093,0.3968253968253968,50,76,37,13,76
2,0.5,20,20,60,25,114,1.5352112676056338,0.3333333333333333,0.37719298245614036,43,71,33,10,71
2,0.5,20,20,60,50,93,1.3770491803278688,0.24731182795698925,0.34408602150537637,32,61,26,6,61
2,0.5,20,20,75,10,126,1.631578947368421,0.38095238095238093,0.3968253968253968,50,76,37,13,76
2,0.5,20,20,75,25,114,1.5352112676056338,0.3333333333333333,0.37719298245614036,43,71,33,10,71
2,0.5,20,20,75,50,93,1.3770491803278688,0.24731182795698925,0.34408602150537637,32,61,26,6,61
2,0.5,20,25,50,10,131,1.620253164556962,0.37404580152671757,0.3969465648854962,52,79,38,14,79
2,0.5,20,25,50,25,119,1.6901408450704225,0.4117647058823529,0.40336134453781514,48,71,36,12,71
2,0.5,20,25,50,50,96,1.4262295081967213,0.2708333333333333,0.3645833333333333,35,61,26,9,61
2,0.5,20,25,60,10,121,1.6081081081081081,0.371900826446281,0.3884297520661157,47,74,36,11,74
2,0.5,20,25,60,25,109,1.5820895522388059,0.3577981651376147,0.3853211009174312,42,67,32,10,67
2,0.5,20,25,60,50,89,1.4736842105263157,0.30337078651685395,0.3595505617977528,32,57,26,6,57
2,0.5,20,25,75,10,121,1.6081081081081081,0.371900826446281,0.3884297520661157,47,74,36,11,74
2,0.5,20,25,75,25,109,1.5820895522388059,0.3577981651376147,0.3853211009174312,42,67,32,10,67
2,0.5,20,25,75,50,89,1.4736842105263157,0.30337078651685395,0.3595505617977528,32,57,26,6,57
2,0.7,5,20,50,10,55,2.0,0.6,0.4,22,33,22,0,33
2,0.7,5,20,50,25,54,2.0625,0.6296296296296297,0.4074074074074074,22,32,22,0,32
2,0.7,5,20,50,50,48,2.3333333333333335,0.75,0.4375,21,27,21,0,27
2,0.7,5,20,60,10,55,2.0,0.6,0.4,22,33,22,0,33
2,0.7,5,20,60,25,54,2.0625,0.6296296296296297,0.4074074074074074,22,32,22,0,32
2,0.7,5,20,60,50,48,2.3333333333333335,0.75,0.4375,21,27,21,0,27
2,0.7,5,20,75,10,55,2.0,0.6,0.4,22,33,22,0,33
2,0.7,5,20,75,25,54,2.0625,0.6296296296296297,0.4074074074074074,22,32,22,0,32
2,0.7,5,20,75,50,48,2.3333333333333335,0.75,0.4375,21,27,21,0,27
2,0.7,5,25,50,10,55,2.0,0.6,0.4,22,33,22,0,33
2,0.7,5,25,50,25,54,2.0625,0.6296296296296297,0.4074074074074074,22,32,22,0,32
2,0.7,5,25,50,50,48,2.3333333333333335,0.75,0.4375,21,27,21,0,27
2,0.7,5,25,60,10,55,2.0,0.6,0.4,22,33,22,0,33
2,0.7,5,25,60,25,54,2.0625,0.6296296296296297,0.4074074074074074,22,32,22,0,32
2,0.7,5,25,60,50,48,2.3333333333333335,0.75,0.4375,21,27,21,0,27
2,0.7,5,25,75,10,55,2.0,0.6,0.4,22,33,22,0,33
2,0.7,5,25,75,25,54,2.0625,0.6296296296296297,0.4074074074074074,22,32,22,0,32
2,0.7,5,25,75,50,48,2.3333333333333335,0.75,0.4375,21,27,21,0,27
2,0.7,10,20,50,10,90,1.9056603773584906,0.5333333333333333,0.4111111111111111,37,53,32,5,53
2,0.7,10,20,50,25,87,1.7358490566037736,0.4482758620689655,0.39080459770114945,34,53,29,5,53
2,0.7,10,20,50,50,78,1.9565217391304348,0.5641025641025641,0.41025641025641024,32,46,29,3,46
2,0.7,10,20,60,10,90,1.9056603773584906,0.5333333333333333,0.4111111111111111,37,53,32,5,53
2,0.7,10,20,60,25,87,1.7358490566037736,0.4482758620689655,0.39080459770114945,34,53,29,5,53
2,0.7,10,20,60,50,78,1.9565217391304348,0.5641025641025641,0.41025641025641024,32,46,29,3,46
2,0.7,10,20,75,10,90,1.9056603773584906,0.5333333333333333,0.4111111111111111,37,53,32,5,53
2,0.7,10,20,75,25,87,1.7358490566037736,0.4482758620689655,0.39080459770114945,34,53,29,5,53
2,0.7,10,20,75,50,78,1.9565217391304348,0.5641025641025641,0.41025641025641024,32,46,29,3,46
2,0.7,10,25,50,10,90,1.9056603773584906,0.5333333333333333,0.4111111111111111,37,53,32,5,53
2,0.7,10,25,50,25,87,1.7358490566037736,0.4482758620689655,0.39080459770114945,34,53,29,5,53
2,0.7,10,25,50,50,78,1.9565217391304348,0.5641025641025641,0.41025641025641024,32,46,29,3,46
2,0.7,10,25,60,10,90,1.9056603773584906,0.5333333333333333,0.4111111111111111,37,53,32,5,53
2,0.7,10,25,60,25,87,1.7358490566037736,0.4482758620689655,0.39080459770114945,34,53,29,5,53
2,0.7,10,25,60,50,77,2.0,0.5844155844155844,0.4155844155844156,32,45,29,3,45
2,0.7,10,25,75,10,90,1.9056603773584906,0.5333333333333333,0.4111111111111111,37,53,32,5,53
2,0.7,10,25,75,25,87,1.7358490566037736,0.4482758620689655,0.39080459770114945,34,53,29,5,53
2,0.7,10,25,75,50,77,2.0,0.5844155844155844,0.4155844155844156,32,45,29,3,45
2,0.7,20,20,50,10,116,1.7246376811594204,0.43103448275862066,0.4051724137931034,47,69,36,11,69
2,0.7,20,20,50,25,104,2.0,0.5576923076923077,0.4423076923076923,46,58,35,11,58
2,0.7,20,20,50,50,90,1.4482758620689655,0.28888888888888886,0.35555555555555557,32,58,26,6,58
2,0.7,20,20,60,10,112,1.7878787878787878,0.4642857142857143,0.4107142857142857,46,66,36,10,66
2,0.7,20,20,60,25,102,1.9655172413793103,0.5490196078431373,0.43137254901960786,44,58,35,9,58
2,0.7,20,20,60,50,89,1.5087719298245614,0.3258426966292135,0.3595505617977528,32,57,27,5,57
2,0.7,20,20,75,10,112,1.7878787878787878,0.4642857142857143,0.4107142857142857,46,66,36,10,66
2,0.7,20,20,75,25,102,1.9655172413793103,0.5490196078431373,0.43137254901960786,44,58,35,9,58
2,0.7,20,20,75,50,89,1.5087719298245614,0.3258426966292135,0.3595505617977528,32,57,27,5,57
2,0.7,20,25,50,10,116,1.7246376811594204,0.43103448275862066,0.4051724137931034,47,69,36,11,69
2,0.7,20,25,50,25,104,2.0,0.5576923076923077,0.4423076923076923,46,58,35,11,58
2,0.7,20,25,50,50,90,1.4482758620689655,0.28888888888888886,0.35555555555555557,32,58,26,6,58
2,0.7,20,25,60,10,108,1.78125,0.46296296296296297,0.4074074074074074,44,64,35,9,64
2,0.7,20,25,60,25,98,1.9642857142857142,0.5510204081632653,0.42857142857142855,42,56,34,8,56
2,0.7,20,25,60,50,85,1.490909090909091,0.3176470588235294,0.35294117647058826,30,55,26,4,55
2,0.7,20,25,75,10,108,1.78125,0.46296296296296297,0.4074074074074074,44,64,35,9,64
2,0.7,20,25,75,25,98,1.9642857142857142,0.5510204081632653,0.42857142857142855,42,56,34,8,56
2,0.7,20,25,75,50,85,1.490909090909091,0.3176470588235294,0.35294117647058826,30,55,26,4,55
2,1.0,5,20,50,10,21,1.8461538461538463,0.5238095238095238,0.38095238095238093,8,13,8,0,13
2,1.0,5,20,50,25,20,2.0,0.6,0.4,8,12,8,0,12
2,1.0,5,20,50,50,19,2.1818181818181817,0.6842105263157895,0.42105263157894735,8,11,8,0,11
2,1.0,5,20,60,10,21,1.8461538461538463,0.5238095238095238,0.38095238095238093,8,13,8,0,13
2,1.0,5,20,60,25,20,2.0,0.6,0.4,8,12,8,0,12
2,1.0,5,20,60,50,19,2.1818181818181817,0.6842105263157895,0.42105263157894735,8,11,8,0,11
2,1.0,5,20,75,10,21,1.8461538461538463,0.5238095238095238,0.38095238095238093,8,13,8,0,13
2,1.0,5,20,75,25,20,2.0,0.6,0.4,8,12,8,0,12
2,1.0,5,20,75,50,19,2.1818181818181817,0.6842105263157895,0.42105263157894735,8,11,8,0,11
2,1.0,5,25,50,10,21,1.8461538461538463,0.5238095238095238,0.38095238095238093,8,13,8,0,13
2,1.0,5,25,50,25,20,2.0,0.6,0.4,8,12,8,0,12
2,1.0,5,25,50,50,19,2.1818181818181817,0.6842105263157895,0.42105263157894735,8,11,8,0,11
2,1.0,5,25,60,10,21,1.8461538461538463,0.5238095238095238,0.38095238095238093,8,13,8,0,13
2,1.0,5,25,60,25,20,2.0,0.6,0.4,8,12,8,0,12
2,1.0,5,25,60,50,19,2.1818181818181817,0.6842105263157895,0.42105263157894735,8,11,8,0,11
2,1.0,5,25,75,10,21,1.8461538461538463,0.5238095238095238,0.38095238095238093,8,13,8,0,13
2,1.0,5,25,75,25,20,2.0,0.6,0.4,8,12,8,0,12
2,1.0,5,25,75,50,19,2.1818181818181817,0.6842105263157895,0.42105263157894735,8,11,8,0,11
2,1.0,10,20,50,10,78,1.8333333333333333,0.5128205128205128,0.38461538461538464,30,48,29,1,48
2,1.0,10,20,50,25,76,1.8085106382978724,0.5,0.3815789473684211,29,47,28,1,47
2,1.0,10,20,50,50,64,2.189189189189189,0.6875,0.421875,27,37,27,0,37
2,1.0,10,20,60,10,78,1.8333333333333333,0.5128205128205128,0.38461538461538464,30,48,29,1,48
2,1.0,10,20,60,25,76,1.8085106382978724,0.5,0.3815789473684211,29,47,28,1,47
2,1.0,10,20,60,50,64,2.189189189189189,0.6875,0.421875,27,37,27,0,37
2,1.0,10,20,75,10,78,1.8333333333333333,0.5128205128205128,0.38461538461538464,30,48,29,1,48
2,1.0,10,20,75,25,76,1.8085106382978724,0.5,0.3815789473684211,29,47,28,1,47
2,1.0,10,20,75,50,64,2.189189189189189,0.6875,0.421875,27,37,27,0,37
2,1.0,10,25,50,10,78,1.8333333333333333,0.5128205128205128,0.38461538461538464,30,48,29,1,48
2,1.0,10,25,50,25,76,1.8085106382978724,0.5,0.3815789473684211,29,47,28,1,47
2,1.0,10,25,50,50,64,2.189189189189189,0.6875,0.421875,27,37,27,0,37
2,1.0,10,25,60,10,78,1.8333333333333333,0.5128205128205128,0.38461538461538464,30,48,29,1,48
2,1.0,10,25,60,25,76,1.8085106382978724,0.5,0.3815789473684211,29,47,28,1,47
2,1.0,10,25,60,50,64,2.189189189189189,0.6875,0.421875,27,37,27,0,37
2,1.0,10,25,75,10,78,1.8333333333333333,0.5128205128205128,0.38461538461538464,30,48,29,1,48
2,1.0,10,25,75,25,76,1.8085106382978724,0.5,0.3815789473684211,29,47,28,1,47
2,1.0,10,25,75,50,64,2.189189189189189,0.6875,0.421875,27,37,27,0,37
2,1.0,20,20,50,10,101,1.8305084745762712,0.48514851485148514,0.4158415841584158,42,59,33,9,59
2,1.0,20,20,50,25,89,2.0816326530612246,0.5955056179775281,0.449438202247191,40,49,31,9,49
2,1.0,20,20,50,50,82,1.6666666666666667,0.4146341463414634,0.3780487804878049,31,51,27,4,51
2,1.0,20,20,60,10,98,1.793103448275862,0.46938775510204084,0.40816326530612246,40,58,32,8,58
2,1.0,20,20,60,25,90,1.9230769230769231,0.5333333333333333,0.4222222222222222,38,52,31,7,52
2,1.0,20,20,60,50,81,1.7959183673469388,0.48148148148148145,0.3950617283950617,32,49,28,4,49
2,1.0,20,20,75,10,98,1.793103448275862,0.46938775510204084,0.40816326530612246,40,58,32,8,58
2,1.0,20,20,75,25,90,1.9230769230769231,0.5333333333333333,0.4222222222222222,38,52,31,7,52
2,1.0,20,20,75,50,81,1.7959183673469388,0.48148148148148145,0.3950617283950617,32,49,28,4,49
2,1.0,20,25,50,10,101,1.8305084745762712,0.48514851485148514,0.4158415841584158,42,59,33,9,59
2,1.0,20,25,50,25,89,2.0816326530612246,0.5955056179775281,0.449438202247191,40,49,31,9,49
2,1.0,20,25,50,50,82,1.6666666666666667,0.4146341463414634,0.3780487804878049,31,51,27,4,51
2,1.0,20,25,60,10,97,1.8245614035087718,0.4845360824742268,0.41237113402061853,40,57,32,8,57
2,1.0,20,25,60,25,90,1.9230769230769231,0.5333333333333333,0.4222222222222222,38,52,31,7,52
2,1.0,20,25,60,50,81,1.7959183673469388,0.48148148148148145,0.3950617283950617,32,49,28,4,49
2,1.0,20,25,75,10,97,1.8245614035087718,0.4845360824742268,0.41237113402061853,40,57,32,8,57
2,1.0,20,25,75,25,90,1.9230769230769231,0.5333333333333333,0.4222222222222222,38,52,31,7,52
2,1.0,20,25,75,50,81,1.7959183673469388,0.48148148148148145,0.3950617283950617,32,49,28,4,49
2,1.5,5,20,50,10,0,,,,0,0,0,0,0
2,1.5,5,20,50,25,0,,,,0,0,0,0,0
2,1.5,5,20,50,50,0,,,,0,0,0,0,0
2,1.5,5,20,60,10,0,,,,0,0,0,0,0
2,1.5,5,20,60,25,0,,,,0,0,0,0,0
2,1.5,5,20,60,50,0,,,,0,0,0,0,0
2,1.5,5,20,75,10,0,,,,0,0,0,0,0
2,1.5,5,20,75,25,0,,,,0,0,0,0,0
2,1.5,5,20,75,50,0,,,,0,0,0,0,0
2,1.5,5,25,50,10,0,,,,0,0,0,0,0
2,1.5,5,25,50,25,0,,,,0,0,0,0,0
2,1.5,5,25,50,50,0,,,,0,0,0,0,0
2,1.5,5,25,60,10,0,,,,0,0,0,0,0
2,1.5,5,25,60,25,0,,,,0,0,0,0,0
2,1.5,5,25,60,50,0,,,,0,0,0,0,0
2,1.5,5,25,75,10,0,,,,0,0,0,0,0
2,1.5,5,25,75,25,0,,,,0,0,0,0,0
2,1.5,5,25,75,50,0,,,,0,0,0,0,0
2,1.5,10,20,50,10,46,1.3125,0.21739130434782608,0.30434782608695654,14,32,14,0,32
2,1.5,10,20,50,25,44,1.2580645161290323,0.18181818181818182,0.29545454545454547,13,31,13,0,31
2,1.5,10,20,50,50,39,1.3333333333333333,0.23076923076923078,0.3076923076923077,12,27,12,0,27
2,1.5,10,20,60,10,46,1.3125,0.21739130434782608,0.30434782608695654,14,32,14,0,32
2,1.5,10,20,60,25,44,1.2580645161290323,0.18181818181818182,0.29545454545454547,13,31,13,0,31
2,1.5,10,20,60,50,39,1.3333333333333333,0.23076923076923078,0.3076923076923077,12,27,12,0,27
2,1.5,10,20,75,10,46,1.3125,0.21739130434782608,0.30434782608695654,14,32,14,0,32
2,1.5,10,20,75,25,44,1.2580645161290323,0.18181818181818182,0.29545454545454547,13,31,13,0,31
2,1.5,10,20,75,50,39,1.3333333333333333,0.23076923076923078,0.3076923076923077,12,27,12,0,27
2,1.5,10,25,50,10,46,1.3125,0.21739130434782608,0.30434782608695654,14,32,14,0,32
2,1.5,10,25,50,25,44,1.2580645161290323,0.18181818181818182,0.29545454545454547,13,31,13,0,31
2,1.5,10,25,50,50,39,1.3333333333333333,0.23076923076923078,0.3076923076923077,12,27,12,0,27
2,1.5,10,25,60,10,46,1.3125,0.21739130434782608,0.30434782608695654,14,32,14,0,32
2,1.5,10,25,60,25,44,1.2580645161290323,0.18181818181818182,0.29545454545454547,13,31,13,0,31
2,1.5,10,25,60,50,39,1.3333333333333333,0.23076923076923078,0.3076923076923077,12,27,12,0,27
2,1.5,10,25,75,10,46,1.3125,0.21739130434782608,0.30434782608695654,14,32,14,0,32
2,1.5,10,25,75,25,44,1.2580645161290323,0.18181818181818182,0.29545454545454547,13,31,13,0,31
2,1.5,10,25,75,50,39,1.3333333333333333,0.23076923076923078,0.3076923076923077,12,27,12,0,27
2,1.5,20,20,50,10,87,1.6727272727272726,0.42528735632183906,0.367816091954023,32,55,30,2,55
2,1.5,20,20,50,25,82,1.7450980392156863,0.4634146341463415,0.3780487804878049,31,51,29,2,51
2,1.5,20,20,50,50,71,2.097560975609756,0.6338028169014085,0.4225352112676056,30,41,28,2,41
2,1.5,20,20,60,10,87,1.6727272727272726,0.42528735632183906,0.367816091954023,32,55,30,2,55
2,1.5,20,20,60,25,82,1.7450980392156863,0.4634146341463415,0.3780487804878049,31,51,29,2,51
2,1.5,20,20,60,50,71,2.097560975609756,0.6338028169014085,0.4225352112676056,30,41,28,2,41
2,1.5,20,20,75,10,87,1.6727272727272726,0.42528735632183906,0.367816091954023,32,55,30,2,55
2,1.5,20,20,75,25,82,1.7450980392156863,0.4634146341463415,0.3780487804878049,31,51,29,2,51
2,1.5,20,20,75,50,71,2.097560975609756,0.6338028169014085,0.4225352112676056,30,41,28,2,41
2,1.5,20,25,50,10,87,1.6727272727272726,0.42528735632183906,0.367816091954023,32,55,30,2,55
2,1.5,20,25,50,25,82,1.7450980392156863,0.4634146341463415,0.3780487804878049,31,51,29,2,51
2,1.5,20,25,50,50,71,2.097560975609756,0.6338028169014085,0.4225352112676056,30,41,28,2,41
2,1.5,20,25,60,10,87,1.6727272727272726,0.42528735632183906,0.367816091954023,32,55,30,2,55
2,1.5,20,25,60,25,82,1.7450980392156863,0.4634146341463415,0.3780487804878049,31,51,29,2,51
2,1.5,20,25,60,50,72,1.9767441860465116,0.5833333333333334,0.4027777777777778,29,43,28,1,43
2,1.5,20,25,75,10,87,1.6727272727272726,0.42528735632183906,0.367816091954023,32,55,30,2,55
2,1.5,20,25,75,25,82,1.7450980392156863,0.4634146341463415,0.3780487804878049,31,51,29,2,51
2,1.5,20,25,75,50,72,1.9767441860465116,0.5833333333333334,0.4027777777777778,29,43,28,1,43
